{
    "loss": 27.51246452331543,
    "accuracy": 0.48201438784599304
}