{
    "loss": 0.6628187298774719,
    "accuracy": 0.9568345546722412
}